{
	"name": "layer",
	"versions": {
		"attack": "15",
		"navigator": "5.0.1",
		"layer": "4.5"
	},
	"domain": "enterprise-attack",
	"description": "",
	"filters": {
		"platforms": [
			"Windows",
			"Linux",
			"macOS",
			"Network",
			"PRE",
			"Containers",
			"Office 365",
			"SaaS",
			"Google Workspace",
			"IaaS",
			"Azure AD"
		]
	},
	"sorting": 0,
	"layout": {
		"layout": "side",
		"aggregateFunction": "average",
		"showID": false,
		"showName": true,
		"showAggregateScores": false,
		"countUnscored": false,
		"expandedSubtechniques": "none"
	},
	"hideDisabled": false,
	"techniques": [
		{
			"techniqueID": "T1557",
			"tactic": "credential-access",
			"score": 32,
			"color": "",
			"comment": "",
			"enabled": true,
			"metadata": [],
			"links": [],
			"showSubtechniques": false
		},
		{
			"techniqueID": "T1014",
			"tactic": "defense-evasion",
			"score": 100,
			"color": "",
			"comment": "",
			"enabled": true,
			"metadata": [],
			"links": [],
			"showSubtechniques": false
		},
		{
			"techniqueID": "T1123",
			"tactic": "collection",
			"score": 99,
			"color": "",
			"comment": "",
			"enabled": true,
			"metadata": [],
			"links": [],
			"showSubtechniques": false
		},
		{
			"techniqueID": "T1578",
			"tactic": "defense-evasion",
			"color": "",
			"comment": "",
			"enabled": true,
			"metadata": [],
			"links": [],
			"showSubtechniques": true
		},
		{
			"techniqueID": "T1578.003",
			"tactic": "defense-evasion",
			"score": 4,
			"color": "",
			"comment": "",
			"enabled": true,
			"metadata": [],
			"links": [],
			"showSubtechniques": false
		},
		{
			"techniqueID": "T1547",
			"tactic": "privilege-escalation",
			"color": "",
			"comment": "",
			"enabled": false,
			"metadata": [],
			"links": [],
			"showSubtechniques": false
		},
		{
			"techniqueID": "T1137",
			"tactic": "persistence",
			"score": 1,
			"color": "",
			"comment": "",
			"enabled": true,
			"metadata": [],
			"links": [],
			"showSubtechniques": false
		},
		{
			"techniqueID": "T1007",
			"tactic": "discovery",
			"score": 77,
			"color": "",
			"comment": "",
			"enabled": true,
			"metadata": [],
			"links": [],
			"showSubtechniques": false
		},
		{
			"techniqueID": "T1053",
			"tactic": "execution",
			"color": "",
			"comment": "",
			"enabled": false,
			"metadata": [],
			"links": [],
			"showSubtechniques": false
		},
		{
			"techniqueID": "T1176",
			"tactic": "persistence",
			"score": 23,
			"color": "",
			"comment": "",
			"enabled": true,
			"metadata": [],
			"links": [],
			"showSubtechniques": false
		},
		{
			"techniqueID": "T1106",
			"tactic": "execution",
			"color": "",
			"comment": "",
			"enabled": false,
			"metadata": [],
			"links": [],
			"showSubtechniques": false
		},
		{
			"techniqueID": "T1140",
			"tactic": "defense-evasion",
			"score": 20,
			"color": "",
			"comment": "",
			"enabled": true,
			"metadata": [],
			"links": [],
			"showSubtechniques": false
		},
		{
			"techniqueID": "T1190",
			"tactic": "initial-access",
			"color": "",
			"comment": "",
			"enabled": false,
			"metadata": [],
			"links": [],
			"showSubtechniques": false
		},
		{
			"techniqueID": "T1021",
			"tactic": "lateral-movement",
			"color": "",
			"comment": "",
			"enabled": true,
			"metadata": [],
			"links": [],
			"showSubtechniques": true
		},
		{
			"techniqueID": "T1021.001",
			"tactic": "lateral-movement",
			"score": 88,
			"color": "",
			"comment": "",
			"enabled": true,
			"metadata": [],
			"links": [],
			"showSubtechniques": false
		},
		{
			"techniqueID": "T1610",
			"tactic": "execution",
			"score": 90,
			"color": "",
			"comment": "",
			"enabled": true,
			"metadata": [],
			"links": [],
			"showSubtechniques": false
		},
		{
			"techniqueID": "T1491",
			"tactic": "impact",
			"color": "",
			"comment": "",
			"enabled": true,
			"metadata": [],
			"links": [],
			"showSubtechniques": true
		},
		{
			"techniqueID": "T1491.001",
			"tactic": "impact",
			"score": 45,
			"color": "",
			"comment": "",
			"enabled": true,
			"metadata": [],
			"links": [],
			"showSubtechniques": false
		},
		{
			"techniqueID": "T1563",
			"tactic": "lateral-movement",
			"score": 45,
			"color": "",
			"comment": "",
			"enabled": true,
			"metadata": [],
			"links": [],
			"showSubtechniques": false
		},
		{
			"techniqueID": "T1217",
			"tactic": "discovery",
			"score": 0,
			"color": "",
			"comment": "",
			"enabled": true,
			"metadata": [],
			"links": [],
			"showSubtechniques": false
		},
		{
			"techniqueID": "T1092",
			"tactic": "command-and-control",
			"score": 1,
			"color": "",
			"comment": "",
			"enabled": true,
			"metadata": [],
			"links": [],
			"showSubtechniques": false
		},
		{
			"techniqueID": "T1595",
			"tactic": "reconnaissance",
			"score": 30,
			"color": "",
			"comment": "",
			"enabled": true,
			"metadata": [],
			"links": [],
			"showSubtechniques": false
		},
		{
			"techniqueID": "T1548",
			"tactic": "privilege-escalation",
			"color": "",
			"comment": "",
			"enabled": true,
			"metadata": [],
			"links": [],
			"showSubtechniques": true
		},
		{
			"techniqueID": "T1548.001",
			"tactic": "privilege-escalation",
			"score": 35,
			"color": "",
			"comment": "",
			"enabled": true,
			"metadata": [],
			"links": [],
			"showSubtechniques": false
		},
		{
			"techniqueID": "T1586",
			"tactic": "resource-development",
			"score": 78,
			"color": "",
			"comment": "",
			"enabled": true,
			"metadata": [],
			"links": [],
			"showSubtechniques": false
		},
		{
			"techniqueID": "T1480",
			"tactic": "defense-evasion",
			"score": 67,
			"color": "",
			"comment": "",
			"enabled": true,
			"metadata": [],
			"links": [],
			"showSubtechniques": false
		},
		{
			"techniqueID": "T1072",
			"tactic": "lateral-movement",
			"score": 80,
			"color": "",
			"comment": "",
			"enabled": true,
			"metadata": [],
			"links": [],
			"showSubtechniques": false
		},
		{
			"techniqueID": "T1041",
			"tactic": "exfiltration",
			"score": 5,
			"color": "",
			"comment": "",
			"enabled": true,
			"metadata": [],
			"links": [],
			"showSubtechniques": false
		},
		{
			"techniqueID": "T1606",
			"tactic": "credential-access",
			"color": "",
			"comment": "",
			"enabled": true,
			"metadata": [],
			"links": [],
			"showSubtechniques": true
		},
		{
			"techniqueID": "T1606.001",
			"tactic": "credential-access",
			"score": 45,
			"color": "",
			"comment": "",
			"enabled": true,
			"metadata": [],
			"links": [],
			"showSubtechniques": false
		},
		{
			"techniqueID": "T1210",
			"tactic": "lateral-movement",
			"score": 70,
			"color": "",
			"comment": "",
			"enabled": true,
			"metadata": [],
			"links": [],
			"showSubtechniques": false
		},
		{
			"techniqueID": "T1566",
			"tactic": "initial-access",
			"color": "",
			"comment": "",
			"enabled": true,
			"metadata": [],
			"links": [],
			"showSubtechniques": true
		},
		{
			"techniqueID": "T1566.003",
			"tactic": "initial-access",
			"score": 55,
			"color": "",
			"comment": "",
			"enabled": true,
			"metadata": [],
			"links": [],
			"showSubtechniques": false
		},
		{
			"techniqueID": "T1110",
			"tactic": "credential-access",
			"color": "",
			"comment": "",
			"enabled": true,
			"metadata": [],
			"links": [],
			"showSubtechniques": true
		},
		{
			"techniqueID": "T1110.001",
			"tactic": "credential-access",
			"score": 15,
			"color": "",
			"comment": "",
			"enabled": true,
			"metadata": [],
			"links": [],
			"showSubtechniques": false
		},
		{
			"techniqueID": "T1078",
			"tactic": "initial-access",
			"color": "",
			"comment": "",
			"enabled": true,
			"metadata": [],
			"links": [],
			"showSubtechniques": true
		},
		{
			"techniqueID": "T1078.003",
			"tactic": "initial-access",
			"score": 95,
			"color": "",
			"comment": "",
			"enabled": true,
			"metadata": [],
			"links": [],
			"showSubtechniques": false
		},
		{
			"techniqueID": "T1570",
			"tactic": "lateral-movement",
			"score": 5,
			"color": "",
			"comment": "",
			"enabled": true,
			"metadata": [],
			"links": [],
			"showSubtechniques": false
		},
		{
			"techniqueID": "T1585",
			"tactic": "resource-development",
			"score": 68,
			"color": "",
			"comment": "",
			"enabled": true,
			"metadata": [],
			"links": [],
			"showSubtechniques": false
		},
		{
			"techniqueID": "T1213",
			"tactic": "collection",
			"color": "",
			"comment": "",
			"enabled": true,
			"metadata": [],
			"links": [],
			"showSubtechniques": true
		},
		{
			"techniqueID": "T1213.002",
			"tactic": "collection",
			"score": 25,
			"color": "",
			"comment": "",
			"enabled": true,
			"metadata": [],
			"links": [],
			"showSubtechniques": false
		},
		{
			"techniqueID": "T1505",
			"tactic": "persistence",
			"color": "",
			"comment": "",
			"enabled": false,
			"metadata": [],
			"links": [],
			"showSubtechniques": false
		},
		{
			"techniqueID": "T1485",
			"tactic": "impact",
			"score": 33,
			"color": "",
			"comment": "",
			"enabled": true,
			"metadata": [],
			"links": [],
			"showSubtechniques": false
		},
		{
			"techniqueID": "T1189",
			"tactic": "initial-access",
			"score": 100,
			"color": "",
			"comment": "",
			"enabled": true,
			"metadata": [],
			"links": [],
			"showSubtechniques": false
		},
		{
			"techniqueID": "T1651",
			"tactic": "execution",
			"score": 67,
			"color": "",
			"comment": "",
			"enabled": true,
			"metadata": [],
			"links": [],
			"showSubtechniques": false
		},
		{
			"techniqueID": "T1134",
			"tactic": "defense-evasion",
			"score": 0,
			"color": "",
			"comment": "",
			"enabled": true,
			"metadata": [],
			"links": [],
			"showSubtechniques": false
		},
		{
			"techniqueID": "T1134",
			"tactic": "privilege-escalation",
			"color": "",
			"comment": "",
			"enabled": false,
			"metadata": [],
			"links": [],
			"showSubtechniques": false
		},
		{
			"techniqueID": "T1136",
			"tactic": "persistence",
			"color": "",
			"comment": "",
			"enabled": true,
			"metadata": [],
			"links": [],
			"showSubtechniques": true
		},
		{
			"techniqueID": "T1136.002",
			"tactic": "persistence",
			"score": 1,
			"color": "",
			"comment": "",
			"enabled": true,
			"metadata": [],
			"links": [],
			"showSubtechniques": false
		},
		{
			"techniqueID": "T1526",
			"tactic": "discovery",
			"score": 0,
			"color": "",
			"comment": "",
			"enabled": true,
			"metadata": [],
			"links": [],
			"showSubtechniques": false
		},
		{
			"techniqueID": "T1665",
			"tactic": "command-and-control",
			"score": 15,
			"color": "",
			"comment": "",
			"enabled": true,
			"metadata": [],
			"links": [],
			"showSubtechniques": false
		},
		{
			"techniqueID": "T1495",
			"tactic": "impact",
			"score": 85,
			"color": "",
			"comment": "",
			"enabled": true,
			"metadata": [],
			"links": [],
			"showSubtechniques": false
		}
	],
	"gradient": {
		"colors": [
			"#ff6666ff",
			"#ffe766ff",
			"#8ec843ff"
		],
		"minValue": 0,
		"maxValue": 100
	},
	"legendItems": [],
	"metadata": [],
	"links": [],
	"showTacticRowBackground": false,
	"tacticRowBackground": "#dddddd",
	"selectTechniquesAcrossTactics": false,
	"selectSubtechniquesWithParent": false,
	"selectVisibleTechniques": false
}