Credential Access,T1557,32,true,Disable or Remove Feature or Program,Encrypt Sensitive Information,Filter Network Traffic,Limit Access to Resource Over Network,Network Intrusion Prevention,Network Segmentation,User Training,
Defense Evasion,T1014,100,true,
Collection,T1123,99,true,
Defense Evasion,T1578.003,4,true,
Privilege Escalation,T1547,NaN,false,
Persistence,T1137,1,true,Behavior Prevention on Endpoint,Disable or Remove Feature or Program,Software Configuration,Update Software,
Discovery,T1007,77,true,
Execution,T1053,NaN,false,Audit,Operating System Configuration,Privileged Account Management,Restrict File and Directory Permissions,User Account Management,
Persistence,T1176,23,true,Audit,Execution Prevention,Limit Software Installation,Update Software,User Training,
Execution,T1106,NaN,false,Behavior Prevention on Endpoint,Execution Prevention,
Defense Evasion,T1140,20,true,
Initial Access,T1190,NaN,false,Application Isolation and Sandboxing,Exploit Protection,Network Segmentation,Privileged Account Management,Update Software,Vulnerability Scanning,
Lateral Movement,T1021.001,88,true,
Execution,T1610,90,true,Audit,Limit Access to Resource Over Network,Network Segmentation,User Account Management,
Impact,T1491.001,45,true,
Lateral Movement,T1563,45,true,Disable or Remove Feature or Program,Network Segmentation,Password Policies,Privileged Account Management,User Account Management,
Discovery,T1217,0,true,
Command And control,T1092,1,true,
Reconnaissance,T1595,30,true,Pre-compromise,
Privilege Escalation,T1548.001,35,true,
Resource Development,T1586,78,true,Pre-compromise,
Defense Evasion,T1480,67,true,Do Not Mitigate,
Lateral Movement,T1072,80,true,Active Directory Configuration,Limit Software Installation,Multi-factor Authentication,Network Segmentation,Password Policies,Privileged Account Management,Remote Data Storage,Update Software,User Account Management,User Training,
Exfiltration,T1041,5,true,Data Loss Prevention,Network Intrusion Prevention,
Credential Access,T1606.001,45,true,
Lateral Movement,T1210,70,true,Application Isolation and Sandboxing,Disable or Remove Feature or Program,Exploit Protection,Network Segmentation,Privileged Account Management,Threat Intelligence Program,Update Software,Vulnerability Scanning,
Initial Access,T1566.003,55,true,
Credential Access,T1110.001,15,true,
Initial Access,T1078.003,95,true,
Lateral Movement,T1570,5,true,Filter Network Traffic,Network Intrusion Prevention,
Resource Development,T1585,68,true,Pre-compromise,
Collection,T1213.002,25,true,
Persistence,T1505,NaN,false,Audit,Code Signing,Disable or Remove Feature or Program,Privileged Account Management,Restrict Registry Permissions,User Account Management,
Impact,T1485,33,true,Data Backup,
Initial Access,T1189,100,true,Application Isolation and Sandboxing,Exploit Protection,Restrict Web-Based Content,Update Software,
Execution,T1651,67,true,Privileged Account Management,
Defense Evasion,T1134,0,true,Privileged Account Management,User Account Management,
Privilege Escalation,T1134,NaN,false,Privileged Account Management,User Account Management,
Persistence,T1136.002,1,true,
Discovery,T1526,0,true,
Command And control,T1665,15,true,
Impact,T1495,85,true,Boot Integrity,Privileged Account Management,Update Software,
