{
	"name": "layer",
	"versions": {
		"attack": "15",
		"navigator": "5.0.1",
		"layer": "4.5"
	},
	"domain": "enterprise-attack",
	"description": "",
	"filters": {
		"platforms": [
			"Windows",
			"Linux",
			"macOS",
			"Network",
			"PRE",
			"Containers",
			"Office 365",
			"SaaS",
			"Google Workspace",
			"IaaS",
			"Azure AD"
		]
	},
	"sorting": 0,
	"layout": {
		"layout": "side",
		"aggregateFunction": "average",
		"showID": false,
		"showName": true,
		"showAggregateScores": false,
		"countUnscored": false,
		"expandedSubtechniques": "none"
	},
	"hideDisabled": false,
	"techniques": [
		{
			"techniqueID": "T1557",
			"tactic": "credential-access",
			"color": "",
			"comment": "",
			"enabled": true,
			"metadata": [],
			"links": [],
			"showSubtechniques": true
		},
		{
			"techniqueID": "T1557.003",
			"tactic": "credential-access",
			"score": 66,
			"color": "",
			"comment": "",
			"enabled": true,
			"metadata": [],
			"links": [],
			"showSubtechniques": false
		},
		{
			"techniqueID": "T1557.002",
			"tactic": "credential-access",
			"color": "",
			"comment": "",
			"enabled": false,
			"metadata": [],
			"links": [],
			"showSubtechniques": false
		},
		{
			"techniqueID": "T1557.001",
			"tactic": "credential-access",
			"color": "",
			"comment": "",
			"enabled": false,
			"metadata": [],
			"links": [],
			"showSubtechniques": false
		},
		{
			"techniqueID": "T1033",
			"tactic": "discovery",
			"score": 100,
			"color": "",
			"comment": "",
			"enabled": true,
			"metadata": [],
			"links": [],
			"showSubtechniques": false
		},
		{
			"techniqueID": "T1014",
			"tactic": "defense-evasion",
			"score": 75,
			"color": "",
			"comment": "",
			"enabled": true,
			"metadata": [],
			"links": [],
			"showSubtechniques": false
		},
		{
			"techniqueID": "T1133",
			"tactic": "initial-access",
			"score": 70,
			"color": "",
			"comment": "",
			"enabled": true,
			"metadata": [],
			"links": [],
			"showSubtechniques": false
		},
		{
			"techniqueID": "T1561",
			"tactic": "impact",
			"score": 20,
			"color": "",
			"comment": "",
			"enabled": true,
			"metadata": [],
			"links": [],
			"showSubtechniques": false
		},
		{
			"techniqueID": "T1547",
			"tactic": "persistence",
			"score": 95,
			"color": "",
			"comment": "",
			"enabled": true,
			"metadata": [],
			"links": [],
			"showSubtechniques": false
		},
		{
			"techniqueID": "T1600",
			"tactic": "defense-evasion",
			"score": 35,
			"color": "",
			"comment": "",
			"enabled": true,
			"metadata": [],
			"links": [],
			"showSubtechniques": false
		},
		{
			"techniqueID": "T1489",
			"tactic": "impact",
			"score": 5,
			"color": "",
			"comment": "",
			"enabled": true,
			"metadata": [],
			"links": [],
			"showSubtechniques": false
		},
		{
			"techniqueID": "T1115",
			"tactic": "collection",
			"score": 10,
			"color": "",
			"comment": "",
			"enabled": true,
			"metadata": [],
			"links": [],
			"showSubtechniques": false
		},
		{
			"techniqueID": "T1195",
			"tactic": "initial-access",
			"score": 5,
			"color": "",
			"comment": "",
			"enabled": true,
			"metadata": [],
			"links": [],
			"showSubtechniques": false
		},
		{
			"techniqueID": "T1558",
			"tactic": "credential-access",
			"color": "",
			"comment": "",
			"enabled": true,
			"metadata": [],
			"links": [],
			"showSubtechniques": true
		},
		{
			"techniqueID": "T1558.002",
			"tactic": "credential-access",
			"score": 65,
			"color": "",
			"comment": "",
			"enabled": true,
			"metadata": [],
			"links": [],
			"showSubtechniques": false
		},
		{
			"techniqueID": "T1558.001",
			"tactic": "credential-access",
			"score": 15,
			"color": "",
			"comment": "",
			"enabled": true,
			"metadata": [],
			"links": [],
			"showSubtechniques": false
		},
		{
			"techniqueID": "T1219",
			"tactic": "command-and-control",
			"score": 3,
			"color": "",
			"comment": "",
			"enabled": true,
			"metadata": [],
			"links": [],
			"showSubtechniques": false
		},
		{
			"techniqueID": "T1550",
			"tactic": "lateral-movement",
			"score": 60,
			"color": "",
			"comment": "",
			"enabled": true,
			"metadata": [],
			"links": [],
			"showSubtechniques": false
		},
		{
			"techniqueID": "T1596.003",
			"tactic": "reconnaissance",
			"color": "",
			"comment": "",
			"enabled": false,
			"metadata": [],
			"links": [],
			"showSubtechniques": false
		},
		{
			"techniqueID": "T1596.005",
			"tactic": "reconnaissance",
			"color": "",
			"comment": "",
			"enabled": false,
			"metadata": [],
			"links": [],
			"showSubtechniques": false
		},
		{
			"techniqueID": "T1596.002",
			"tactic": "reconnaissance",
			"score": 20,
			"color": "",
			"comment": "",
			"enabled": true,
			"metadata": [],
			"links": [],
			"showSubtechniques": false
		},
		{
			"techniqueID": "T1610",
			"tactic": "execution",
			"score": 90,
			"color": "",
			"comment": "",
			"enabled": true,
			"metadata": [],
			"links": [],
			"showSubtechniques": false
		},
		{
			"techniqueID": "T1092",
			"tactic": "command-and-control",
			"score": 85,
			"color": "",
			"comment": "",
			"enabled": true,
			"metadata": [],
			"links": [],
			"showSubtechniques": false
		},
		{
			"techniqueID": "T1595",
			"tactic": "reconnaissance",
			"color": "",
			"comment": "",
			"enabled": true,
			"metadata": [],
			"links": [],
			"showSubtechniques": true
		},
		{
			"techniqueID": "T1595.002",
			"tactic": "reconnaissance",
			"score": 50,
			"color": "",
			"comment": "",
			"enabled": true,
			"metadata": [],
			"links": [],
			"showSubtechniques": false
		},
		{
			"techniqueID": "T1059",
			"tactic": "execution",
			"color": "",
			"comment": "",
			"enabled": true,
			"metadata": [],
			"links": [],
			"showSubtechniques": true
		},
		{
			"techniqueID": "T1059.005",
			"tactic": "execution",
			"score": 20,
			"color": "",
			"comment": "",
			"enabled": true,
			"metadata": [],
			"links": [],
			"showSubtechniques": false
		},
		{
			"techniqueID": "T1059.003",
			"tactic": "execution",
			"score": 6,
			"color": "",
			"comment": "",
			"enabled": true,
			"metadata": [],
			"links": [],
			"showSubtechniques": false
		},
		{
			"techniqueID": "T1074",
			"tactic": "collection",
			"score": 30,
			"color": "",
			"comment": "",
			"enabled": true,
			"metadata": [],
			"links": [],
			"showSubtechniques": false
		},
		{
			"techniqueID": "T1049",
			"tactic": "discovery",
			"score": 5,
			"color": "",
			"comment": "",
			"enabled": true,
			"metadata": [],
			"links": [],
			"showSubtechniques": false
		},
		{
			"techniqueID": "T1542",
			"tactic": "persistence",
			"color": "",
			"comment": "",
			"enabled": true,
			"metadata": [],
			"links": [],
			"showSubtechniques": true
		},
		{
			"techniqueID": "T1542.005",
			"tactic": "persistence",
			"score": 55,
			"color": "",
			"comment": "",
			"enabled": true,
			"metadata": [],
			"links": [],
			"showSubtechniques": false
		},
		{
			"techniqueID": "T1590",
			"tactic": "reconnaissance",
			"score": 80,
			"color": "",
			"comment": "",
			"enabled": true,
			"metadata": [],
			"links": [],
			"showSubtechniques": false
		},
		{
			"techniqueID": "T1098",
			"tactic": "privilege-escalation",
			"color": "",
			"comment": "",
			"enabled": true,
			"metadata": [],
			"links": [],
			"showSubtechniques": true
		},
		{
			"techniqueID": "T1098.001",
			"tactic": "privilege-escalation",
			"color": "",
			"comment": "",
			"enabled": false,
			"metadata": [],
			"links": [],
			"showSubtechniques": false
		},
		{
			"techniqueID": "T1098.002",
			"tactic": "privilege-escalation",
			"score": 15,
			"color": "",
			"comment": "",
			"enabled": true,
			"metadata": [],
			"links": [],
			"showSubtechniques": false
		},
		{
			"techniqueID": "T1098.003",
			"tactic": "privilege-escalation",
			"color": "",
			"comment": "",
			"enabled": false,
			"metadata": [],
			"links": [],
			"showSubtechniques": false
		},
		{
			"techniqueID": "T1098.004",
			"tactic": "privilege-escalation",
			"score": 85,
			"color": "",
			"comment": "",
			"enabled": true,
			"metadata": [],
			"links": [],
			"showSubtechniques": false
		},
		{
			"techniqueID": "T1110",
			"tactic": "credential-access",
			"score": 25,
			"color": "",
			"comment": "",
			"enabled": true,
			"metadata": [],
			"links": [],
			"showSubtechniques": false
		},
		{
			"techniqueID": "T1078",
			"tactic": "persistence",
			"score": 100,
			"color": "",
			"comment": "",
			"enabled": true,
			"metadata": [],
			"links": [],
			"showSubtechniques": false
		},
		{
			"techniqueID": "T1201",
			"tactic": "discovery",
			"score": 75,
			"color": "",
			"comment": "",
			"enabled": true,
			"metadata": [],
			"links": [],
			"showSubtechniques": false
		},
		{
			"techniqueID": "T1030",
			"tactic": "exfiltration",
			"score": 9,
			"color": "",
			"comment": "",
			"enabled": true,
			"metadata": [],
			"links": [],
			"showSubtechniques": false
		},
		{
			"techniqueID": "T1585",
			"tactic": "resource-development",
			"score": 40,
			"color": "",
			"comment": "",
			"enabled": true,
			"metadata": [],
			"links": [],
			"showSubtechniques": true
		},
		{
			"techniqueID": "T1585.001",
			"tactic": "resource-development",
			"color": "",
			"comment": "",
			"enabled": false,
			"metadata": [],
			"links": [],
			"showSubtechniques": false
		},
		{
			"techniqueID": "T1046",
			"tactic": "discovery",
			"score": 45,
			"color": "",
			"comment": "",
			"enabled": true,
			"metadata": [],
			"links": [],
			"showSubtechniques": false
		}
	],
	"gradient": {
		"colors": [
			"#ff6666ff",
			"#ffe766ff",
			"#8ec843ff"
		],
		"minValue": 0,
		"maxValue": 100
	},
	"legendItems": [],
	"metadata": [],
	"links": [],
	"showTacticRowBackground": false,
	"tacticRowBackground": "#dddddd",
	"selectTechniquesAcrossTactics": false,
	"selectSubtechniquesWithParent": false,
	"selectVisibleTechniques": false
}