Credential Access,T1557,32,true
Defense Evasion,T1014,100,true
Collection,T1123,99,true
Defense Evasion,T1578.003,4,true
Privilege Escalation,T1547,NaN,false
Persistence,T1137,1,true
Discovery,T1007,77,true
Execution,T1053,NaN,false
Persistence,T1176,23,true
Execution,T1106,NaN,false
Defense Evasion,T1140,20,true
Initial Access,T1190,NaN,false
Lateral Movement,T1021.001,88,true
Execution,T1610,90,true
Impact,T1491.001,45,true
Lateral Movement,T1563,45,true
Discovery,T1217,0,true
Command And control,T1092,1,true
Reconnaissance,T1595,30,true
Privilege Escalation,T1548.001,35,true
Resource Development,T1586,78,true
Defense Evasion,T1480,67,true
Lateral Movement,T1072,80,true
Exfiltration,T1041,5,true
Credential Access,T1606.001,45,true
Lateral Movement,T1210,70,true
Initial Access,T1566.003,55,true
Credential Access,T1110.001,15,true
Initial Access,T1078.003,95,true
Lateral Movement,T1570,5,true
Resource Development,T1585,68,true
Collection,T1213.002,25,true
Persistence,T1505,NaN,false
Impact,T1485,33,true
Initial Access,T1189,100,true
Execution,T1651,67,true
Defense Evasion,T1134,0,true
Privilege Escalation,T1134,NaN,false
Persistence,T1136.002,1,true
Discovery,T1526,0,true
Command And control,T1665,15,true
Impact,T1495,85,true
