Credential Access,T1557.003,66,true,
Credential Access,T1557.002,NaN,false,
Credential Access,T1557.001,NaN,false,
Discovery,T1033,100,true,
Defense Evasion,T1014,75,true,
Initial Access,T1133,70,true,Disable or Remove Feature or Program,Limit Access to Resource Over Network,Multi-factor Authentication,Network Segmentation,
Impact,T1561,20,true,Data Backup,
Persistence,T1547,95,true,
Defense Evasion,T1600,35,true,
Impact,T1489,5,true,Network Segmentation,Restrict File and Directory Permissions,Restrict Registry Permissions,User Account Management,
Collection,T1115,10,true,
Initial Access,T1195,5,true,Application Developer Guidance,Boot Integrity,Limit Software Installation,Update Software,Vulnerability Scanning,
Credential Access,T1558.002,65,true,
Credential Access,T1558.001,15,true,
Command And control,T1219,3,true,
Lateral Movement,T1550,60,true,Active Directory Configuration,Application Developer Guidance,Audit,Password Policies,Privileged Account Management,User Account Management,
Reconnaissance,T1596.003,NaN,false,
Reconnaissance,T1596.005,NaN,false,
Reconnaissance,T1596.002,20,true,
Execution,T1610,90,true,Audit,Limit Access to Resource Over Network,Network Segmentation,User Account Management,
Command And control,T1092,85,true,
Reconnaissance,T1595.002,50,true,
Execution,T1059.005,20,true,
Execution,T1059.003,6,true,
Collection,T1074,30,true,
Discovery,T1049,5,true,
Persistence,T1542.005,55,true,
Reconnaissance,T1590,80,true,Pre-compromise,
Privilege Escalation,T1098.001,NaN,false,
Privilege Escalation,T1098.002,15,true,
Privilege Escalation,T1098.003,NaN,false,
Privilege Escalation,T1098.004,85,true,
Credential Access,T1110,25,true,Account Use Policies,Multi-factor Authentication,Password Policies,User Account Management,
Persistence,T1078,100,true,Account Use Policies,Active Directory Configuration,Application Developer Guidance,Password Policies,Privileged Account Management,User Account Management,User Training,
Discovery,T1201,75,true,Password Policies,
Exfiltration,T1030,9,true,Network Intrusion Prevention,
Resource Development,T1585,40,true,Pre-compromise,
Resource Development,T1585.001,NaN,false,
Discovery,T1046,45,true,Disable or Remove Feature or Program,Network Intrusion Prevention,Network Segmentation,
